-- phpMyAdmin SQL Dump
-- version 5.2.0
-- https://www.phpmyadmin.net/
--
-- Host: 127.0.0.1
-- Generation Time: Aug 01, 2025 at 08:28 AM
-- Server version: 10.4.27-MariaDB
-- PHP Version: 7.4.33

SET SQL_MODE = "NO_AUTO_VALUE_ON_ZERO";
START TRANSACTION;
SET time_zone = "+00:00";


/*!40101 SET @OLD_CHARACTER_SET_CLIENT=@@CHARACTER_SET_CLIENT */;
/*!40101 SET @OLD_CHARACTER_SET_RESULTS=@@CHARACTER_SET_RESULTS */;
/*!40101 SET @OLD_COLLATION_CONNECTION=@@COLLATION_CONNECTION */;
/*!40101 SET NAMES utf8mb4 */;

--
-- Database: `tupadbalay_db`
--

-- --------------------------------------------------------

--
-- Table structure for table `category`
--

CREATE TABLE `category` (
  `category_id` int(4) NOT NULL,
  `category_name` varchar(255) NOT NULL
) ENGINE=InnoDB DEFAULT CHARSET=utf8mb4 COLLATE=utf8mb4_general_ci;

--
-- Dumping data for table `category`
--

INSERT INTO `category` (`category_id`, `category_name`) VALUES
(1, 'Food'),
(2, 'Drinks'),
(3, 'Add On');

-- --------------------------------------------------------

--
-- Table structure for table `customers`
--

CREATE TABLE `customers` (
  `id` int(4) NOT NULL,
  `name` varchar(255) NOT NULL,
  `email` varchar(255) NOT NULL,
  `phone` int(11) NOT NULL
) ENGINE=InnoDB DEFAULT CHARSET=utf8mb4 COLLATE=utf8mb4_general_ci;

-- --------------------------------------------------------

--
-- Table structure for table `menu`
--

CREATE TABLE `menu` (
  `category_id` int(4) NOT NULL,
  `food_id` int(4) NOT NULL,
  `food_name` varchar(55) NOT NULL,
  `food_regular_price` decimal(6,2) NOT NULL,
  `food_solo_price` decimal(6,2) NOT NULL
) ENGINE=InnoDB DEFAULT CHARSET=utf8mb4 COLLATE=utf8mb4_general_ci;

--
-- Dumping data for table `menu`
--

INSERT INTO `menu` (`category_id`, `food_id`, `food_name`, `food_regular_price`, `food_solo_price`) VALUES
(1, 1, 'Vaccine Burger', '125.00', '90.00'),
(1, 2, 'Lock Down Classic', '135.00', '99.00'),
(1, 3, 'Morning Dosealert', '150.00', '115.00'),
(1, 4, 'Delta Double Burger', '205.00', '169.00'),
(1, 5, 'The Quarantine Melt', '129.00', '165.00'),
(1, 7, 'The Outbreak Burger', '125.00', '90.00'),
(2, 8, 'Caramel Macchiato', '49.95', '39.95'),
(2, 9, 'Mocha', '49.95', '39.95'),
(2, 10, 'Cappuccino', '49.95', '39.95'),
(2, 11, 'Latte', '49.95', '39.95'),
(2, 12, 'Chocolate', '49.95', '39.95'),
(2, 13, 'Americano', '49.95', '39.95'),
(3, 17, 'Cheese', '12.00', '0.00'),
(3, 18, 'American Cheese', '20.00', '0.00'),
(3, 19, 'Egg', '10.00', '0.00'),
(3, 20, 'Bacon', '15.00', '0.00');

-- --------------------------------------------------------

--
-- Table structure for table `purchased`
--

CREATE TABLE `purchased` (
  `purchased_id` int(11) NOT NULL,
  `item_id` int(11) NOT NULL,
  `item_price` decimal(10,2) NOT NULL,
  `item_size` varchar(20) DEFAULT NULL,
  `item_qty` int(11) NOT NULL,
  `item_subtotal` decimal(10,2) NOT NULL,
  `notes` text DEFAULT NULL,
  `purchase_date` timestamp NOT NULL DEFAULT current_timestamp()
) ENGINE=InnoDB DEFAULT CHARSET=utf8mb4 COLLATE=utf8mb4_general_ci;

--
-- Dumping data for table `purchased`
--

INSERT INTO `purchased` (`purchased_id`, `item_id`, `item_price`, `item_size`, `item_qty`, `item_subtotal`, `notes`, `purchase_date`) VALUES
(1, 4, '169.00', 'Solo', 1, '169.00', '', '2025-07-27 13:04:59'),
(1, 2, '135.00', 'Regular', 1, '135.00', '', '2025-07-27 13:04:59'),
(1, 20, '15.00', 'Regular', 1, '15.00', 'add on lockdown', '2025-07-27 13:04:59'),
(1, 11, '49.95', 'Regular', 1, '49.95', 'no ice', '2025-07-27 13:04:59'),
(2, 10, '49.95', 'Regular', 2, '99.90', '', '2025-07-27 13:06:24'),
(3, 9, '39.95', 'Solo', 2, '79.90', '', '2025-07-27 13:07:36'),
(3, 12, '39.95', 'Solo', 1, '39.95', '', '2025-07-27 13:07:36'),
(3, 4, '169.00', 'Solo', 1, '169.00', '', '2025-07-27 13:07:36'),
(3, 18, '20.00', 'Regular', 2, '40.00', 'addon delta burger', '2025-07-27 13:07:36'),
(4, 10, '49.95', 'Regular', 2, '99.90', '', '2025-07-27 13:45:28'),
(4, 4, '205.00', 'Regular', 2, '410.00', '', '2025-07-27 13:45:28'),
(4, 10, '39.95', 'Solo', 1, '39.95', '', '2025-07-27 13:45:28'),
(5, 1, '90.00', 'Solo', 2, '180.00', '', '2025-07-27 14:05:05'),
(5, 18, '20.00', 'Regular', 2, '40.00', 'sa vaccine burger', '2025-07-27 14:05:05'),
(5, 13, '39.95', 'Solo', 2, '79.90', 'wala lang ice', '2025-07-27 14:05:05'),
(6, 1, '90.00', 'Solo', 1, '90.00', '', '2025-07-27 15:13:36'),
(6, 2, '135.00', 'Regular', 1, '135.00', '', '2025-07-27 15:13:36'),
(6, 13, '49.95', 'Regular', 1, '49.95', '', '2025-07-27 15:13:36'),
(6, 18, '20.00', 'Regular', 2, '40.00', 'add on vaccine burger', '2025-07-27 15:13:36'),
(7, 1, '90.00', 'Solo', 2, '180.00', '', '2025-07-27 15:19:02'),
(7, 18, '20.00', 'Regular', 2, '40.00', 'add on vaccine burger', '2025-07-27 15:19:02'),
(7, 9, '39.95', 'Solo', 2, '79.90', '', '2025-07-27 15:19:02'),
(8, 2, '99.00', 'Solo', 2, '198.00', '', '2025-07-27 15:23:19'),
(8, 5, '129.00', 'Regular', 1, '129.00', '', '2025-07-27 15:23:19'),
(8, 12, '49.95', 'Regular', 1, '49.95', '', '2025-07-27 15:23:19'),
(9, 1, '125.00', 'Regular', 2, '250.00', '', '2025-07-27 15:27:50'),
(9, 13, '49.95', 'Regular', 2, '99.90', '', '2025-07-27 15:27:50'),
(9, 20, '15.00', 'Regular', 1, '15.00', 'add bacon each vc burger', '2025-07-27 15:27:50'),
(10, 1, '90.00', 'Solo', 2, '180.00', '', '2025-07-27 15:31:39'),
(10, 11, '49.95', 'Regular', 2, '99.90', '', '2025-07-27 15:31:39'),
(10, 20, '15.00', 'Regular', 2, '30.00', 'add each vaccine burger', '2025-07-27 15:31:39'),
(11, 1, '90.00', 'Solo', 4, '360.00', '', '2025-07-27 15:38:44'),
(12, 1, '90.00', 'Solo', 4, '360.00', '', '2025-07-27 15:38:57'),
(13, 1, '90.00', 'Solo', 4, '360.00', '', '2025-07-27 15:38:59'),
(14, 1, '90.00', 'Solo', 4, '360.00', '', '2025-07-27 15:39:13'),
(15, 1, '125.00', 'Regular', 2, '250.00', '', '2025-07-27 15:52:51'),
(15, 19, '10.00', 'Regular', 1, '10.00', 'vaccine burger', '2025-07-27 15:52:51'),
(15, 18, '20.00', 'Regular', 1, '20.00', '', '2025-07-27 15:52:51'),
(15, 11, '49.95', 'Regular', 1, '49.95', '', '2025-07-27 15:52:51'),
(16, 4, '205.00', 'Regular', 1, '205.00', '', '2025-07-27 15:54:20'),
(16, 11, '49.95', 'Regular', 1, '49.95', '', '2025-07-27 15:54:20'),
(16, 18, '20.00', 'Regular', 2, '40.00', '', '2025-07-27 15:54:20'),
(17, 1, '125.00', 'Regular', 2, '250.00', '', '2025-07-27 15:56:49'),
(17, 13, '49.95', 'Regular', 2, '99.90', '', '2025-07-27 15:56:49'),
(17, 20, '15.00', 'Regular', 2, '30.00', '', '2025-07-27 15:56:49'),
(18, 1, '125.00', 'Regular', 1, '125.00', '', '2025-07-27 16:02:16'),
(18, 2, '135.00', 'Regular', 2, '270.00', '', '2025-07-27 16:02:16'),
(18, 10, '49.95', 'Regular', 1, '49.95', '', '2025-07-27 16:02:16'),
(18, 17, '12.00', 'Regular', 5, '60.00', '', '2025-07-27 16:02:16'),
(19, 1, '125.00', 'Regular', 1, '125.00', '', '2025-07-27 16:05:56'),
(19, 2, '135.00', 'Regular', 1, '135.00', '', '2025-07-27 16:05:56'),
(19, 3, '150.00', 'Regular', 1, '150.00', '', '2025-07-27 16:05:56'),
(19, 17, '12.00', 'Regular', 3, '36.00', '', '2025-07-27 16:05:56'),
(20, 2, '99.00', 'Solo', 2, '198.00', '', '2025-07-27 16:10:59'),
(20, 5, '165.00', 'Solo', 1, '165.00', '', '2025-07-27 16:10:59'),
(20, 10, '49.95', 'Regular', 1, '49.95', '', '2025-07-27 16:10:59'),
(21, 20, '15.00', 'Regular', 1, '15.00', '', '2025-07-27 16:13:47'),
(21, 11, '49.95', 'Regular', 1, '49.95', '', '2025-07-27 16:13:47'),
(21, 18, '20.00', 'Regular', 1, '20.00', '', '2025-07-27 16:13:47'),
(22, 10, '39.95', 'Small', 2, '79.90', '', '2025-07-27 16:50:55'),
(22, 4, '169.00', 'Solo', 2, '338.00', '', '2025-07-27 16:50:55'),
(22, 18, '20.00', 'Regular', 1, '20.00', '', '2025-07-27 16:50:55'),
(22, 20, '15.00', 'Regular', 1, '15.00', '', '2025-07-27 16:50:55'),
(23, 10, '39.95', 'Small', 2, '79.90', '', '2025-07-27 16:50:59'),
(23, 4, '169.00', 'Solo', 2, '338.00', '', '2025-07-27 16:50:59'),
(23, 18, '20.00', 'Regular', 1, '20.00', '', '2025-07-27 16:50:59'),
(23, 20, '15.00', 'Regular', 1, '15.00', '', '2025-07-27 16:50:59'),
(24, 10, '39.95', 'Small', 2, '79.90', '', '2025-07-27 16:51:23'),
(24, 4, '169.00', 'Solo', 2, '338.00', '', '2025-07-27 16:51:23'),
(24, 18, '20.00', 'Regular', 1, '20.00', '', '2025-07-27 16:51:23'),
(24, 20, '15.00', 'Regular', 1, '15.00', '', '2025-07-27 16:51:23'),
(25, 10, '39.95', 'Small', 2, '79.90', '', '2025-07-27 16:52:18'),
(25, 4, '169.00', 'Solo', 2, '338.00', '', '2025-07-27 16:52:18'),
(25, 18, '20.00', 'Regular', 1, '20.00', '', '2025-07-27 16:52:18'),
(25, 20, '15.00', 'Regular', 1, '15.00', '', '2025-07-27 16:52:18'),
(26, 10, '39.95', 'Small', 2, '79.90', '', '2025-07-27 16:52:21'),
(26, 4, '169.00', 'Solo', 2, '338.00', '', '2025-07-27 16:52:21'),
(26, 18, '20.00', 'Regular', 1, '20.00', '', '2025-07-27 16:52:21'),
(26, 20, '15.00', 'Regular', 1, '15.00', '', '2025-07-27 16:52:21'),
(27, 10, '39.95', 'Small', 2, '79.90', '', '2025-07-27 16:52:32'),
(27, 4, '169.00', 'Solo', 2, '338.00', '', '2025-07-27 16:52:32'),
(27, 18, '20.00', 'Regular', 1, '20.00', '', '2025-07-27 16:52:32'),
(27, 20, '15.00', 'Regular', 1, '15.00', '', '2025-07-27 16:52:32'),
(28, 10, '39.95', 'Small', 2, '79.90', '', '2025-07-27 16:53:05'),
(28, 4, '169.00', 'Solo', 2, '338.00', '', '2025-07-27 16:53:05'),
(28, 18, '20.00', 'Regular', 1, '20.00', '', '2025-07-27 16:53:05'),
(28, 20, '15.00', 'Regular', 1, '15.00', '', '2025-07-27 16:53:05'),
(29, 10, '39.95', 'Small', 2, '79.90', '', '2025-07-27 16:55:10'),
(29, 4, '169.00', 'Solo', 2, '338.00', '', '2025-07-27 16:55:10'),
(29, 18, '20.00', 'Regular', 1, '20.00', '', '2025-07-27 16:55:10'),
(29, 20, '15.00', 'Regular', 1, '15.00', '', '2025-07-27 16:55:10'),
(30, 10, '39.95', 'Small', 2, '79.90', '', '2025-07-27 16:55:22'),
(30, 4, '169.00', 'Solo', 2, '338.00', '', '2025-07-27 16:55:22'),
(30, 18, '20.00', 'Regular', 1, '20.00', '', '2025-07-27 16:55:22'),
(30, 20, '15.00', 'Regular', 1, '15.00', '', '2025-07-27 16:55:22'),
(31, 10, '39.95', 'Small', 2, '79.90', '', '2025-07-27 16:55:30'),
(31, 4, '169.00', 'Solo', 2, '338.00', '', '2025-07-27 16:55:30'),
(31, 18, '20.00', 'Regular', 1, '20.00', '', '2025-07-27 16:55:30'),
(31, 20, '15.00', 'Regular', 1, '15.00', '', '2025-07-27 16:55:30'),
(32, 10, '39.95', 'Small', 2, '79.90', '', '2025-07-27 16:55:37'),
(32, 4, '169.00', 'Solo', 2, '338.00', '', '2025-07-27 16:55:37'),
(32, 18, '20.00', 'Regular', 1, '20.00', '', '2025-07-27 16:55:37'),
(32, 20, '15.00', 'Regular', 1, '15.00', '', '2025-07-27 16:55:37'),
(33, 10, '39.95', 'Small', 2, '79.90', '', '2025-07-27 16:56:08'),
(33, 4, '169.00', 'Solo', 2, '338.00', '', '2025-07-27 16:56:08'),
(33, 18, '20.00', 'Regular', 1, '20.00', '', '2025-07-27 16:56:08'),
(33, 20, '15.00', 'Regular', 1, '15.00', '', '2025-07-27 16:56:08'),
(34, 2, '135.00', 'Regular', 2, '270.00', '', '2025-07-27 17:06:06'),
(34, 3, '150.00', 'Regular', 1, '150.00', '', '2025-07-27 17:06:06'),
(35, 13, '39.95', 'Small', 2, '79.90', '', '2025-07-27 18:23:01'),
(35, 13, '49.95', 'Large', 1, '49.95', '', '2025-07-27 18:23:01'),
(35, 12, '49.95', 'Large', 1, '49.95', '', '2025-07-27 18:23:01'),
(35, 9, '49.95', 'Large', 1, '49.95', '', '2025-07-27 18:23:01'),
(35, 8, '49.95', 'Large', 1, '49.95', '', '2025-07-27 18:23:01'),
(36, 1, '125.00', 'Regular', 1, '125.00', '', '2025-07-27 19:03:23'),
(36, 5, '129.00', 'Regular', 1, '129.00', '', '2025-07-27 19:03:23'),
(36, 2, '135.00', 'Regular', 1, '135.00', '', '2025-07-27 19:03:23'),
(36, 10, '49.95', 'Large', 3, '149.85', '', '2025-07-27 19:03:23'),
(36, 20, '15.00', 'Regular', 1, '15.00', '', '2025-07-27 19:03:23'),
(36, 18, '20.00', 'Addon', 1, '20.00', '', '2025-07-27 19:03:23'),
(36, 17, '12.00', 'Regular', 1, '12.00', '', '2025-07-27 19:03:23'),
(36, 19, '10.00', 'Addon', 2, '20.00', 'Vaccine Burger', '2025-07-27 19:03:23'),
(37, 4, '205.00', 'Regular', 2, '410.00', '', '2025-07-27 19:10:02'),
(37, 13, '49.95', 'Large', 1, '49.95', '', '2025-07-27 19:10:02'),
(37, 10, '49.95', 'Large', 1, '49.95', '', '2025-07-27 19:10:02'),
(37, 18, '20.00', 'Addon', 2, '40.00', 'Each DDB', '2025-07-27 19:10:02'),
(38, 3, '150.00', 'Regular', 1, '150.00', '', '2025-07-27 19:35:27'),
(38, 4, '205.00', 'Regular', 1, '205.00', '', '2025-07-27 19:35:27'),
(38, 7, '125.00', 'Regular', 1, '125.00', '', '2025-07-27 19:35:27'),
(38, 8, '49.95', 'Large', 1, '49.95', '', '2025-07-27 19:35:27'),
(38, 20, '15.00', 'Addon', 1, '15.00', '', '2025-07-27 19:35:27'),
(38, 17, '12.00', 'Addon', 1, '12.00', '', '2025-07-27 19:35:27'),
(38, 19, '10.00', 'Addon', 1, '10.00', '', '2025-07-27 19:35:27'),
(39, 1, '125.00', 'Regular', 4, '500.00', '', '2025-07-27 20:12:46'),
(40, 1, '125.00', 'Regular', 1, '125.00', '', '2025-07-28 06:37:39'),
(40, 2, '99.00', 'Solo', 1, '99.00', '', '2025-07-28 06:37:39'),
(40, 13, '49.95', 'Large', 2, '99.90', '', '2025-07-28 06:37:39'),
(40, 18, '20.00', 'Addon', 1, '20.00', 'add on sa lockdown', '2025-07-28 06:37:39'),
(41, 4, '205.00', 'Regular', 1, '205.00', '', '2025-07-28 07:10:08'),
(41, 2, '135.00', 'Regular', 1, '135.00', '', '2025-07-28 07:10:08'),
(41, 18, '20.00', 'Addon', 1, '20.00', 'addon sa lockdown', '2025-07-28 07:10:08'),
(41, 13, '49.95', 'Large', 1, '49.95', '', '2025-07-28 07:10:08'),
(41, 8, '49.95', 'Large', 1, '49.95', '', '2025-07-28 07:10:08'),
(42, 1, '125.00', 'Regular', 2, '250.00', '', '2025-07-28 07:24:50'),
(42, 13, '39.95', 'Small', 2, '79.90', '', '2025-07-28 07:24:50'),
(42, 20, '15.00', 'Addon', 2, '30.00', '', '2025-07-28 07:24:50'),
(42, 11, '49.95', 'Large', 1, '49.95', 'No Ice', '2025-07-28 07:24:50'),
(43, 1, '125.00', 'Regular', 3, '375.00', '', '2025-07-28 07:27:37'),
(43, 2, '135.00', 'Regular', 2, '270.00', '', '2025-07-28 07:27:37'),
(43, 4, '205.00', 'Regular', 2, '410.00', '', '2025-07-28 07:27:37'),
(43, 10, '49.95', 'Large', 2, '99.90', '', '2025-07-28 07:27:37'),
(43, 8, '49.95', 'Large', 2, '99.90', '', '2025-07-28 07:27:37'),
(43, 17, '12.00', 'Addon', 2, '24.00', '', '2025-07-28 07:27:37'),
(43, 20, '15.00', 'Addon', 2, '30.00', '', '2025-07-28 07:27:37'),
(44, 4, '205.00', 'Regular', 1, '205.00', '', '2025-07-28 09:08:39'),
(44, 7, '125.00', 'Regular', 1, '125.00', '', '2025-07-28 09:08:39'),
(44, 13, '49.95', 'Large', 1, '49.95', '', '2025-07-28 09:08:39'),
(44, 10, '49.95', 'Large', 1, '49.95', '', '2025-07-28 09:08:39'),
(44, 20, '15.00', 'Addon', 1, '15.00', '', '2025-07-28 09:08:39'),
(44, 19, '10.00', 'Addon', 1, '10.00', '', '2025-07-28 09:08:39');

-- --------------------------------------------------------

--
-- Table structure for table `users`
--

CREATE TABLE `users` (
  `id` int(11) NOT NULL,
  `username` varchar(55) NOT NULL,
  `password` varchar(255) DEFAULT NULL
) ENGINE=InnoDB DEFAULT CHARSET=utf8mb4 COLLATE=utf8mb4_general_ci;

--
-- Dumping data for table `users`
--

INSERT INTO `users` (`id`, `username`, `password`) VALUES
(1, 'admin', '$2y$10$Eood5Lcc6kXr5epDBKYsqedVutNl1Hwt2veE2.zZGSRhZtVigpf1S');

--
-- Indexes for dumped tables
--

--
-- Indexes for table `category`
--
ALTER TABLE `category`
  ADD PRIMARY KEY (`category_id`);

--
-- Indexes for table `customers`
--
ALTER TABLE `customers`
  ADD PRIMARY KEY (`id`);

--
-- Indexes for table `menu`
--
ALTER TABLE `menu`
  ADD PRIMARY KEY (`food_id`);

--
-- Indexes for table `users`
--
ALTER TABLE `users`
  ADD PRIMARY KEY (`id`);

--
-- AUTO_INCREMENT for dumped tables
--

--
-- AUTO_INCREMENT for table `category`
--
ALTER TABLE `category`
  MODIFY `category_id` int(4) NOT NULL AUTO_INCREMENT, AUTO_INCREMENT=4;

--
-- AUTO_INCREMENT for table `customers`
--
ALTER TABLE `customers`
  MODIFY `id` int(4) NOT NULL AUTO_INCREMENT, AUTO_INCREMENT=3;

--
-- AUTO_INCREMENT for table `menu`
--
ALTER TABLE `menu`
  MODIFY `food_id` int(4) NOT NULL AUTO_INCREMENT, AUTO_INCREMENT=21;

--
-- AUTO_INCREMENT for table `users`
--
ALTER TABLE `users`
  MODIFY `id` int(11) NOT NULL AUTO_INCREMENT, AUTO_INCREMENT=6;
COMMIT;

/*!40101 SET CHARACTER_SET_CLIENT=@OLD_CHARACTER_SET_CLIENT */;
/*!40101 SET CHARACTER_SET_RESULTS=@OLD_CHARACTER_SET_RESULTS */;
/*!40101 SET COLLATION_CONNECTION=@OLD_COLLATION_CONNECTION */;
